claim_id,slide,status,confidence,claim,reason,sources,evidence_quote,checks,advisor
S1-4,1,REVIEW,0.5,"A large workforce likely includes many employees who also insure spouses, children and parents.",Estimate about the workforce; no document can prove it,,,assumption=review,Approved 2026-09-27 07:41
S1-1,1,VERIFIED,1.0,Infosys operates in IT service management.,All checks passed,Wikidata,IT service management,citation=pass; numbers=pass; meaning=pass,
S1-2,1,VERIFIED,1.0,"Employees: 328,594 (as of 2026).",All checks passed,Wikidata,"328,594 (as of 2026)",citation=pass; numbers=pass; meaning=pass,
S1-3,1,VERIFIED,1.0,Headquartered in Bengaluru.,All checks passed,Wikidata,Bengaluru,citation=pass; numbers=pass; meaning=pass,
S3-1,3,VERIFIED,1.0,Health Services: Health Portal & Discount Connect.,All checks passed,Care Health brochure p.2,"Health Services Health Portal – Doctor on chat, healthy tips reminder, etc. Discount Connect – Discounts on services such as consultations, diagnostics, maternity etc. at our network",citation=pass; numbers=pass; qualifier=pass; attribution=pass; meaning=pass,
S3-2,3,VERIFIED,1.0,Unlimited E-Consultations: Unlimited.,All checks passed,Care Health brochure p.2,Unlimited E-Consultations2 Available for consultations with general physicians,citation=pass; numbers=pass; qualifier=pass; attribution=pass; meaning=pass,
S3-3,3,VERIFIED,1.0,"Maximum Entry Age: Adult: Lifelong, Child: 24 years.",All checks passed,Care Health brochure p.2,Entry Age – Maximum Adult: Lifelong Child: 24 years,citation=pass; numbers=pass; qualifier=pass; attribution=pass; meaning=pass,
S3-4,3,VERIFIED,1.0,"Cumulative Bonus: 50% of SI per year, max. up to 100% of SI.",All checks passed,Care Health brochure p.2,"Cumulative Bonus 50% of SI per year, max. up to 100% of SI; shall not reduce in case of claim",citation=pass; numbers=pass; qualifier=pass; attribution=pass; meaning=pass,
S4-1,4,VERIFIED,1.0,Up to SI,All checks passed,Care Health brochure p.2,Room Rent Up to SI,citation=pass; numbers=pass; qualifier=pass; attribution=pass; meaning=pass,
S4-10,4,VERIFIED,1.0,maximum up to 5 times of Base Sum Insured (on select plans),All checks passed,Niva Bupa brochure p.2,"5X: Unutilised Base Sum Insured carries forward
to the next policy year, maximum up to 5 times
of Base Sum Insured.",citation=pass; numbers=pass; qualifier=pass; attribution=pass; meaning=pass,
S4-11,4,VERIFIED,1.0,"Up to ₹5 lacs per year (optional, extra premium)",All checks passed,Care Health brochure p.3,Air Ambulance5 Up to ₹5 lacs per year,citation=pass; numbers=pass; qualifier=pass; attribution=pass; meaning=pass,
S4-12,4,VERIFIED,1.0,"Up to INR 5,00,000",All checks passed,HDFC ERGO brochure p.11,"Emergency Ambulance Road: Up to sum insured Air: Up to INR 5,00,000",citation=pass; numbers=pass; qualifier=pass; attribution=pass; meaning=pass,
S4-13,4,VERIFIED,1.0,"up to INR 2,50,000 per Hospitalisation",All checks passed,Niva Bupa brochure p.2,"• Air Ambulance: up to INR 2,50,000 per Hospitalisation",citation=pass; numbers=pass; qualifier=pass; attribution=pass; meaning=pass,
S4-14,4,VERIFIED,1.0,up to INR 1 Lac (on select plans),All checks passed,Aditya Birla Health brochure p.2,For BSI INR 50 Lacs and 75 Lacs - Domestic Maternity up to INR 1 Lac,citation=pass; numbers=pass; qualifier=pass; attribution=pass; meaning=pass,
S4-15,4,VERIFIED,1.0,"Covers maternity expenses, embryo storage costs and IVF treatments (via a separate add-on)",All checks passed,HDFC ERGO brochure p.8,"Parenthood Covers maternity expenses, embryo storage costs and IVF treatments",citation=pass; numbers=pass; qualifier=pass; attribution=pass; meaning=pass,
S4-16,4,VERIFIED,1.0,0 waiting period (Day 1 cover) (on select plans),All checks passed,Aditya Birla Health brochure p.2,Now get Day 1 cover for listed 7 chronic conditions with zero waiting period: • Asthma • High Blood Pressure • High Cholesterol • Diabetes • Chronic Obstructive Pulmonary Disease • Obesity • Coronary Artery Disease (PTCA done prior to 1 year),citation=pass; numbers=pass; qualifier=pass; attribution=pass; meaning=pass,
S4-17,4,VERIFIED,1.0,"Covers hospitalisation expenses for Asthma, Blood pressure, Cholesterol and Diabetes from the 31st day (via a separate add-on)",All checks passed,HDFC ERGO brochure p.8,"ABCD Chronic Care Covers hospitalisation expenses for Asthma, Blood pressure, Cholesterol and Diabetes from the 31st day",citation=pass; numbers=pass; qualifier=pass; attribution=pass; meaning=pass,
S4-18,4,VERIFIED,1.0,36 months,All checks passed,Care Health brochure p.4,Pre-Existing Diseases 36 months,citation=pass; numbers=pass; qualifier=pass; attribution=pass; meaning=pass,
S4-19,4,VERIFIED,1.0,36 months,All checks passed,HDFC ERGO brochure p.14,36 months waiting period on pre-existing diseases,citation=pass; numbers=pass; qualifier=pass; attribution=pass; meaning=pass,
S4-2,4,VERIFIED,1.0,At actuals,All checks passed,HDFC ERGO brochure p.11,Room Rent At actuals,citation=pass; numbers=pass; qualifier=pass; attribution=pass; meaning=pass,
S4-3,4,VERIFIED,1.0,Unlimited times,All checks passed,Care Health brochure p.2,Unlimited Automatic Recharge Available for unlimited times for unrelated or same illness,citation=pass; numbers=pass; qualifier=pass; attribution=pass; meaning=pass,
S4-4,4,VERIFIED,1.0,100% (on select plans),All checks passed,Aditya Birla Health brochure p.2,"SUM INSURED EXHAUSTED? SUPER RELOAD~ REFILLS IT TO 100% FOR YOUR NEXT CLAIM With Activ One, you will never run out of your health insurance coverage, as we will refill your cover up to 100% of your Base Sum Insured unlimited times in a policy year.",citation=pass; numbers=pass; qualifier=pass; attribution=pass; meaning=pass,
S4-5,4,VERIFIED,1.0,"Up to 100% of base sum insured, unlimited times",All checks passed,HDFC ERGO brochure p.11,"Automatic Restore Benefit (Unlimited times)** Up to 100% of base sum insured, for any illness, for any insured person, unlimited times in a policy year",citation=pass; numbers=pass; qualifier=pass; attribution=pass; meaning=pass,
S4-6,4,VERIFIED,1.0,Unlimited,All checks passed,Niva Bupa brochure p.2,"• 1 claim triggers ReAssure+, forever. It is Unlimited. Each claim will be up to the
 Base Sum Insured
• Pay the premium as per your entry age, till a claim is paid",citation=pass; numbers=pass; qualifier=pass; attribution=pass; meaning=pass,
S4-7,4,VERIFIED,1.0,"50% of SI per year, max. up to 100% of SI",All checks passed,Care Health brochure p.2,"Cumulative Bonus 50% of SI per year, max. up to 100% of SI; shall not reduce in case of claim",citation=pass; numbers=pass; qualifier=pass; attribution=pass; meaning=pass,
S4-8,4,VERIFIED,1.0,Up to 6 times (6x) (on select plans),All checks passed,Aditya Birla Health brochure p.2,"With our Super Credit feature, your Sum Insured inflates to 6 times the size of your Base Sum Insured by the 6th year of your policy irrespective of whether you claim!",citation=pass; numbers=pass; qualifier=pass; attribution=pass; meaning=pass,
S4-9,4,VERIFIED,1.0,"100% of base sum insured added year after year, infinite times",All checks passed,HDFC ERGO brochure p.2,"Infinite Benefit* 100% of base sum insured added Accumulate 100% of base sum insured year after year, infinite times, irrespective of claims made",citation=pass; numbers=pass; qualifier=pass; attribution=pass; meaning=pass,
S5-1,5,VERIFIED,1.0,Health Services: Health Portal & Discount Connect.,All checks passed,Care Health brochure p.2,"Health Services Health Portal – Doctor on chat, healthy tips reminder, etc. Discount Connect – Discounts on services such as consultations, diagnostics, maternity etc. at our network",citation=pass; numbers=pass; qualifier=pass; attribution=pass; meaning=pass,
S5-2,5,VERIFIED,1.0,Unlimited E-Consultations: Unlimited.,All checks passed,Care Health brochure p.2,Unlimited E-Consultations2 Available for consultations with general physicians,citation=pass; numbers=pass; qualifier=pass; attribution=pass; meaning=pass,
S5-3,5,VERIFIED,1.0,"Maximum Entry Age: Adult: Lifelong, Child: 24 years.",All checks passed,Care Health brochure p.2,Entry Age – Maximum Adult: Lifelong Child: 24 years,citation=pass; numbers=pass; qualifier=pass; attribution=pass; meaning=pass,
S2-1,2,INFO,,"Independent advice: We compare plans across insurers so your people get the best fit, not one insurer's product.",Marsh messaging: outside the policy documents; confirm wording,Marsh messaging (confirm wording),,,
S2-2,2,INFO,,Claims advocacy: Our team supports employees through claims and cashless approvals.,Marsh messaging: outside the policy documents; confirm wording,Marsh messaging (confirm wording),,,
S2-3,2,INFO,,Benchmarking: We benchmark your benefits against industry peers to keep them competitive.,Marsh messaging: outside the policy documents; confirm wording,Marsh messaging (confirm wording),,,
S2-4,2,INFO,,Verified recommendations: Every benefit in this deck is traced to the insurer's own brochure and page.,Marsh messaging: outside the policy documents; confirm wording,Marsh messaging (confirm wording),,,
